{"cameraMode":{"drawMode":0,"name":"Shaded","section":"Shading Mode"},"sceneLighting":false,"audioPlay":false,"sceneViewState":{"showFog":true,"showMaterialUpdate":false,"showSkybox":false,"showFlares":true,"showImageEffects":true,"showParticleSystems":true},"in2DMode":false,"pivot":{"x":0.5786938667297363,"y":0.4327678680419922,"z":-2.928438186645508},"rotation":{"x":-0.09319905936717987,"y":0.8062179684638977,"z":-0.1320163458585739,"w":-0.5691373944282532},"size":42.35487365722656,"orthographic":false}