{"cameraMode":{"drawMode":0,"name":"Shaded","section":"Shading Mode"},"sceneLighting":false,"audioPlay":false,"sceneViewState":{"showFog":true,"showMaterialUpdate":false,"showSkybox":false,"showFlares":true,"showImageEffects":true,"showParticleSystems":true},"in2DMode":false,"pivot":{"x":25.200000762939454,"y":1.4950001239776612,"z":15.130000114440918},"rotation":{"x":0.4555776119232178,"y":-0.03470543771982193,"z":0.017769400030374528,"w":0.8893687129020691},"size":5.263499736785889,"orthographic":false}