{"cameraMode":{"drawMode":0,"name":"Shaded","section":"Shading Mode"},"sceneLighting":true,"audioPlay":false,"sceneViewState":{"showFog":true,"showMaterialUpdate":false,"showSkybox":true,"showFlares":true,"showImageEffects":true,"showParticleSystems":true},"in2DMode":false,"pivot":{"x":40.448326110839847,"y":-5.5334320068359379,"z":27.637041091918947},"rotation":{"x":0.27913469076156618,"y":-0.09773388504981995,"z":0.028572343289852144,"w":0.9548845291137695},"size":41.535980224609378,"orthographic":false}