{"cameraMode":{"drawMode":0,"name":"Shaded","section":"Shading Mode"},"sceneLighting":false,"audioPlay":false,"sceneViewState":{"showFog":true,"showMaterialUpdate":false,"showSkybox":false,"showFlares":true,"showImageEffects":true,"showParticleSystems":true},"in2DMode":false,"pivot":{"x":0.0,"y":0.24255326390266419,"z":0.09777951240539551},"rotation":{"x":0.01860867626965046,"y":-0.5268234014511108,"z":0.011540604755282402,"w":0.8497068881988525},"size":1.231508731842041,"orthographic":false}