{"cameraMode":{"drawMode":0,"name":"Shaded","section":"Shading Mode"},"sceneLighting":false,"audioPlay":false,"sceneViewState":{"showFog":true,"showMaterialUpdate":false,"showSkybox":false,"showFlares":true,"showImageEffects":true,"showParticleSystems":true},"in2DMode":false,"pivot":{"x":0.37386631965637209,"y":-2.043269157409668,"z":-0.6608012318611145},"rotation":{"x":-0.09319905936717987,"y":0.8062179684638977,"z":-0.1320163458585739,"w":-0.5691373944282532},"size":34.761566162109378,"orthographic":false}