{"cameraMode":{"drawMode":0,"name":"Shaded","section":"Shading Mode"},"sceneLighting":false,"audioPlay":false,"sceneViewState":{"showFog":true,"showMaterialUpdate":false,"showSkybox":false,"showFlares":true,"showImageEffects":true,"showParticleSystems":true},"in2DMode":false,"pivot":{"x":-0.8800238966941834,"y":-1.4342584609985352,"z":2.64736008644104},"rotation":{"x":0.2736653983592987,"y":0.16349589824676515,"z":-0.047209080308675769,"w":0.9466854333877564},"size":19.34993553161621,"orthographic":false}