{"cameraMode":{"drawMode":0,"name":"Shaded","section":"Shading Mode"},"sceneLighting":false,"audioPlay":false,"sceneViewState":{"showFog":true,"showMaterialUpdate":false,"showSkybox":false,"showFlares":true,"showImageEffects":true,"showParticleSystems":true},"in2DMode":false,"pivot":{"x":41.51599884033203,"y":0.0,"z":2.3083407878875734},"rotation":{"x":-0.5328066945075989,"y":0.00304741901345551,"z":-0.0019070629496127368,"w":-0.8462648391723633},"size":28.649723052978517,"orthographic":false}