{"cameraMode":{"drawMode":0,"name":"Shaded","section":"Shading Mode"},"sceneLighting":false,"audioPlay":false,"sceneViewState":{"showFog":true,"showMaterialUpdate":false,"showSkybox":false,"showFlares":true,"showImageEffects":true,"showParticleSystems":true},"in2DMode":false,"pivot":{"x":1.4493122100830079,"y":-1.666477918624878,"z":0.01226043701171875},"rotation":{"x":-0.12837769091129304,"y":0.3852558732032776,"z":-0.05421396717429161,"w":-0.9122384190559387},"size":24.58156967163086,"orthographic":false}