{"cameraMode":{"drawMode":0,"name":"Shaded","section":"Shading Mode"},"sceneLighting":true,"audioPlay":false,"sceneViewState":{"showFog":true,"showMaterialUpdate":false,"showSkybox":true,"showFlares":true,"showImageEffects":true,"showParticleSystems":true},"in2DMode":false,"pivot":{"x":65.0047378540039,"y":-20.3527889251709,"z":56.25556945800781},"rotation":{"x":-0.5207003951072693,"y":0.018433380872011186,"z":-0.01125013642013073,"w":-0.8534740209579468},"size":167.29409790039063,"orthographic":false}