{"cameraMode":{"drawMode":0,"name":"Shaded","section":"Shading Mode"},"sceneLighting":false,"audioPlay":false,"sceneViewState":{"showFog":true,"showMaterialUpdate":false,"showSkybox":false,"showFlares":true,"showImageEffects":true,"showParticleSystems":true},"in2DMode":false,"pivot":{"x":0.3524301052093506,"y":1.5636098384857178,"z":5.301450252532959},"rotation":{"x":0.06233358755707741,"y":0.30061882734298708,"z":-0.019636431708931924,"w":0.9515407085418701},"size":19.521238327026368,"orthographic":false}