{"cameraMode":{"drawMode":0,"name":"Shaded","section":"Shading Mode"},"sceneLighting":true,"audioPlay":false,"sceneViewState":{"showFog":true,"showMaterialUpdate":false,"showSkybox":true,"showFlares":true,"showImageEffects":true,"showParticleSystems":true},"in2DMode":false,"pivot":{"x":1.1262924671173096,"y":2.440342426300049,"z":-3.2810075283050539},"rotation":{"x":0.19987796247005464,"y":0.0792727991938591,"z":-0.01622532308101654,"w":0.9765050411224365},"size":19.44350242614746,"orthographic":false}