{"cameraMode":{"drawMode":0,"name":"Shaded","section":"Shading Mode"},"sceneLighting":true,"audioPlay":false,"sceneViewState":{"showFog":true,"showMaterialUpdate":false,"showSkybox":true,"showFlares":true,"showImageEffects":true,"showParticleSystems":true},"in2DMode":false,"pivot":{"x":-7.489999771118164,"y":0.8399999737739563,"z":-6.559999942779541},"rotation":{"x":0.0006896360428072512,"y":0.9893887639045715,"z":-0.14529360830783845,"w":0.004750060383230448},"size":22.0,"orthographic":false}